avg_elapsed_time_s,avg_user_time_s,avg_system_time_s,avg_max_mem_size_kb,var_elapsed_time_s2,var_user_time_s2,var_system_time_s2,var_max_mem_size_kb2,confidence_interval_width
2.098,2.08,0.0,24600,0.0006199999999999976,0.0008000000000000014,0.0,2568,0.04365047050221005
2.078,2.066,0.0,24570.4,2.0000000000000923e-05,2.999999999999872e-05,0.0,7284.799999999999,0.007839855938160056
