benchmark,avg_elapsed_time_s,avg_user_time_s,avg_system_time_s,avg_max_mem_size_kb,var_elapsed_time_s2,var_user_time_s2,var_system_time_s2,var_max_mem_size_kb2
/home/cb76/cb761222/perf-oriented-dev/small_samples/build/filegen 50 50 50 50 1,1.388,0.01,0.122,1432.8,6.90912,5e-05,0.00147,2539.2000000000003
/home/cb76/cb761222/perf-oriented-dev/small_samples/build/filegen 50 50 50 50 1,0.22666666666666666,0.008333333333333333,0.11333333333333334,1474.6666666666667,0.0005466666666666667,1.6666666666666667e-05,0.0001466666666666666,1962.6666666666665
/home/cb76/cb761222/perf-oriented-dev/small_samples/build/filegen 50 50 50 50 1,0.22428571428571428,0.011428571428571429,0.11,1452,0.0004952380952380952,1.4285714285714285e-05,0.00019999999999999998,3221.3333333333335
/home/cb76/cb761222/perf-oriented-dev/small_samples/build/filegen 50 50 50 50 1,0.23125,0.0125,0.11375,1451.5,0.0005267857142857143,2.142857142857143e-05,0.00011249999999999996,2872.8571428571427
/home/cb76/cb761222/perf-oriented-dev/small_samples/build/filegen 50 50 50 50 1,0.22333333333333333,0.011111111111111112,0.1111111111111111,1466.6666666666667,0.0005749999999999999,3.611111111111111e-05,8.611111111111102e-05,2696.0
/home/cb76/cb761222/perf-oriented-dev/small_samples/build/filegen 50 50 50 50 1,0.218,0.011,0.111,1456.8,0.000373333333333333,3.222222222222222e-05,0.0001433333333333333,2296.177777777778
