Benchmark,Avg Elapsed Time (s),Avg User Time (s),Avg System Time (s),Var Elapsed Time (s^2),Var User Time (s^2),Var System Time (s^2)
delannoy,24.16,24.186,0.0,0.007999999999999943,0.007230000000000033,0.0
nbody,2.5,2.582,0.0,0.0,6.999999999999968e-05,0.0
mmul,2.1,2.126,0.0,0.014999999999999982,0.008530000000000008,0.0
filesearch,0.0,0.0,0.0,0.0,0.0,0.0
filegen,16.34,0.256,1.342,2.8429999999999995,0.0008300000000000008,0.018770000000000005
